-- MySQL Script generated by MySQL Workbench
-- Wed Jan 10 19:17:43 2018
-- Model: New Model    Version: 1.0
-- MySQL Workbench Forward Engineering

SET @OLD_UNIQUE_CHECKS=@@UNIQUE_CHECKS, UNIQUE_CHECKS=0;
SET @OLD_FOREIGN_KEY_CHECKS=@@FOREIGN_KEY_CHECKS, FOREIGN_KEY_CHECKS=0;
SET @OLD_SQL_MODE=@@SQL_MODE, SQL_MODE='TRADITIONAL,ALLOW_INVALID_DATES';

-- -----------------------------------------------------
-- Schema DB_SMS
-- -----------------------------------------------------
DROP SCHEMA IF EXISTS `DB_SMS` ;

-- -----------------------------------------------------
-- Schema DB_SMS
-- -----------------------------------------------------
CREATE SCHEMA IF NOT EXISTS `DB_SMS` DEFAULT CHARACTER SET utf8 ;
USE `DB_SMS` ;

-- -----------------------------------------------------
-- Table `DB_SMS`.`t_role`
-- -----------------------------------------------------
DROP TABLE IF EXISTS `DB_SMS`.`t_role` ;

CREATE TABLE IF NOT EXISTS `DB_SMS`.`t_role` (
  `role_code` VARCHAR(45) NOT NULL COMMENT '角色代码[唯一]',
  `role_name` VARCHAR(45) NULL COMMENT '角色名',
  `role_desc` VARCHAR(200) NULL COMMENT '角色描述',
  PRIMARY KEY (`role_code`))
ENGINE = InnoDB
DEFAULT CHARACTER SET = utf8;


-- -----------------------------------------------------
-- Table `DB_SMS`.`t_user`
-- -----------------------------------------------------
DROP TABLE IF EXISTS `DB_SMS`.`t_user` ;

CREATE TABLE IF NOT EXISTS `DB_SMS`.`t_user` (
  `user_id` INT NOT NULL AUTO_INCREMENT,
  `user_open_id` VARCHAR(200) NULL,
  `user_login_name` VARCHAR(200) NOT NULL,
  `user_password` VARCHAR(200) NULL COMMENT '密码[加密后]',
  `user_role` VARCHAR(45) NOT NULL,
  `user_real_name` VARCHAR(45) NULL,
  `user_nick_name` VARCHAR(45) NULL,
  `user_phone_number` VARCHAR(45) NULL,
  `user_email` VARCHAR(200) NULL,
  `user_status` INT NOT NULL DEFAULT 0 COMMENT '0:正常\n-1:冻结\n-2:已删除',
  PRIMARY KEY (`user_id`),
  INDEX `fk_t_user_t_role_idx` (`user_role` ASC),
  UNIQUE INDEX `user_open_id_UNIQUE` (`user_open_id` ASC),
  UNIQUE INDEX `user_login_name_UNIQUE` (`user_login_name` ASC),
  CONSTRAINT `fk_t_user_t_role`
    FOREIGN KEY (`user_role`)
    REFERENCES `DB_SMS`.`t_role` (`role_code`)
    ON DELETE CASCADE
    ON UPDATE CASCADE)
ENGINE = InnoDB
DEFAULT CHARACTER SET = utf8;


-- -----------------------------------------------------
-- Table `DB_SMS`.`t_work_order`
-- -----------------------------------------------------
DROP TABLE IF EXISTS `DB_SMS`.`t_work_order` ;

CREATE TABLE IF NOT EXISTS `DB_SMS`.`t_work_order` (
  `order_id` INT NOT NULL AUTO_INCREMENT,
  `order_number` VARCHAR(100) NULL COMMENT '工单编号',
  `order_add_time` TIMESTAMP NOT NULL DEFAULT CURRENT_TIMESTAMP COMMENT '工单添加时间',
  `order_finish_time` TIMESTAMP NULL COMMENT '工单结束时间',
  `order_payment_status` INT NOT NULL DEFAULT -1 COMMENT '工单的货款状态\n0:清欠\n-1:未收',
  `order_task_no` VARCHAR(100) NOT NULL,
  `order_customer_id` INT NULL COMMENT '客户id',
  `order_priority` INT NOT NULL DEFAULT 0 COMMENT '订单优先级\n值越高优先级越高\n默认：0 正常\n1:急\n2:加急\n',
  `order_status` INT NOT NULL DEFAULT 0 COMMENT '工单状态：\n-1:已删除\n0:未做\n1:在库\n2:完工\n3:已发\n4:已完成',
  `order_price` DOUBLE NULL,
  `order_customer_name` VARCHAR(45) NULL,
  `order_charge_manager_id` INT NOT NULL,
  `order_is_quick` INT NOT NULL DEFAULT 0 COMMENT '生产优先级',
  `order_production_manager_id` INT NULL,
  `order_customer_message` VARCHAR(500) NULL,
  `order_production_desc` VARCHAR(1000) NULL COMMENT '工单对应货物的描述',
  `order_production_color` VARCHAR(45) NULL COMMENT '工单对应货物的颜色',
  PRIMARY KEY (`order_id`),
  UNIQUE INDEX `order_number_UNIQUE` (`order_number` ASC),
  INDEX `fk_t_work_order_t_user1_idx` (`order_customer_id` ASC),
  INDEX `fk_t_work_order_t_user2_idx` (`order_charge_manager_id` ASC),
  UNIQUE INDEX `order_task_id_UNIQUE` (`order_task_no` ASC),
  INDEX `fk_t_work_order_t_user3_idx` (`order_production_manager_id` ASC),
  CONSTRAINT `fk_t_work_order_t_user1`
    FOREIGN KEY (`order_customer_id`)
    REFERENCES `DB_SMS`.`t_user` (`user_id`)
    ON DELETE CASCADE
    ON UPDATE CASCADE,
  CONSTRAINT `fk_t_work_order_t_user2`
    FOREIGN KEY (`order_charge_manager_id`)
    REFERENCES `DB_SMS`.`t_user` (`user_id`)
    ON DELETE CASCADE
    ON UPDATE CASCADE,
  CONSTRAINT `fk_t_work_order_t_user3`
    FOREIGN KEY (`order_production_manager_id`)
    REFERENCES `DB_SMS`.`t_user` (`user_id`)
    ON DELETE CASCADE
    ON UPDATE CASCADE)
ENGINE = InnoDB
DEFAULT CHARACTER SET = utf8;


-- -----------------------------------------------------
-- Table `DB_SMS`.`t_process`
-- -----------------------------------------------------
DROP TABLE IF EXISTS `DB_SMS`.`t_process` ;

CREATE TABLE IF NOT EXISTS `DB_SMS`.`t_process` (
  `process_id` INT NOT NULL AUTO_INCREMENT,
  `process_name` VARCHAR(45) NULL,
  `process_desc` VARCHAR(200) NULL,
  `process_priority` INT NULL COMMENT '流程优先级，越大表示需要先被执行',
  PRIMARY KEY (`process_id`))
ENGINE = InnoDB
DEFAULT CHARACTER SET = utf8;


-- -----------------------------------------------------
-- Table `DB_SMS`.`t_worker_group`
-- -----------------------------------------------------
DROP TABLE IF EXISTS `DB_SMS`.`t_worker_group` ;

CREATE TABLE IF NOT EXISTS `DB_SMS`.`t_worker_group` (
  `worker_group_id` INT NOT NULL AUTO_INCREMENT,
  `worker_id` INT NOT NULL,
  `worker_is_leader` TINYINT(1) NOT NULL DEFAULT 0 COMMENT '该工作者是否是组长，默认0[false]',
  `worker_process_id` INT NULL,
  PRIMARY KEY (`worker_group_id`, `worker_id`),
  INDEX `fk_t_worker_group_t_user1_idx` (`worker_id` ASC),
  INDEX `fk_t_worker_group_t_process1_idx` (`worker_process_id` ASC),
  CONSTRAINT `fk_t_worker_group_t_user1`
    FOREIGN KEY (`worker_id`)
    REFERENCES `DB_SMS`.`t_user` (`user_id`)
    ON DELETE CASCADE
    ON UPDATE CASCADE,
  CONSTRAINT `fk_t_worker_group_t_process1`
    FOREIGN KEY (`worker_process_id`)
    REFERENCES `DB_SMS`.`t_process` (`process_id`)
    ON DELETE CASCADE
    ON UPDATE CASCADE)
ENGINE = InnoDB
DEFAULT CHARACTER SET = utf8;


-- -----------------------------------------------------
-- Table `DB_SMS`.`t_task_assignment`
-- -----------------------------------------------------
DROP TABLE IF EXISTS `DB_SMS`.`t_task_assignment` ;

CREATE TABLE IF NOT EXISTS `DB_SMS`.`t_task_assignment` (
  `task_assignment_id` INT NOT NULL AUTO_INCREMENT,
  `task_no` VARCHAR(100) NOT NULL,
  `task_process_id` INT NOT NULL,
  `task_status` INT NOT NULL DEFAULT -1 COMMENT '单个任务的状态\n-1:未完成\n0:已完成',
  `task_worker_group_id` INT NULL,
  PRIMARY KEY (`task_assignment_id`),
  INDEX `fk_t_task_assignment_t_process1_idx` (`task_process_id` ASC),
  INDEX `fk_t_task_assignment_t_worker_group1_idx` (`task_worker_group_id` ASC),
  INDEX `fk_t_task_assignment_t_work_order1_idx` (`task_no` ASC),
  CONSTRAINT `fk_t_task_assignment_t_process1`
    FOREIGN KEY (`task_process_id`)
    REFERENCES `DB_SMS`.`t_process` (`process_id`)
    ON DELETE CASCADE
    ON UPDATE CASCADE,
  CONSTRAINT `fk_t_task_assignment_t_worker_group1`
    FOREIGN KEY (`task_worker_group_id`)
    REFERENCES `DB_SMS`.`t_worker_group` (`worker_group_id`)
    ON DELETE CASCADE
    ON UPDATE CASCADE,
  CONSTRAINT `fk_t_task_assignment_t_work_order1`
    FOREIGN KEY (`task_no`)
    REFERENCES `DB_SMS`.`t_work_order` (`order_task_no`)
    ON DELETE CASCADE
    ON UPDATE CASCADE)
ENGINE = InnoDB
DEFAULT CHARACTER SET = utf8;


-- -----------------------------------------------------
-- Table `DB_SMS`.`t_operation`
-- -----------------------------------------------------
DROP TABLE IF EXISTS `DB_SMS`.`t_operation` ;

CREATE TABLE IF NOT EXISTS `DB_SMS`.`t_operation` (
  `operation_id` INT NOT NULL AUTO_INCREMENT,
  `operation_desc` VARCHAR(200) NULL,
  `operation_time` TIMESTAMP NOT NULL DEFAULT CURRENT_TIMESTAMP,
  `operation_operator_id` INT NOT NULL COMMENT '操作人员id',
  `operation_type` INT NOT NULL DEFAULT 0 COMMENT '操作类型\n0:默认类型',
  PRIMARY KEY (`operation_id`),
  INDEX `fk_t_operation_t_user1_idx` (`operation_operator_id` ASC),
  CONSTRAINT `fk_t_operation_t_user1`
    FOREIGN KEY (`operation_operator_id`)
    REFERENCES `DB_SMS`.`t_user` (`user_id`)
    ON DELETE CASCADE
    ON UPDATE CASCADE)
ENGINE = InnoDB
DEFAULT CHARACTER SET = utf8;


-- -----------------------------------------------------
-- Table `DB_SMS`.`t_remind`
-- -----------------------------------------------------
DROP TABLE IF EXISTS `DB_SMS`.`t_remind` ;

CREATE TABLE IF NOT EXISTS `DB_SMS`.`t_remind` (
  `remind_id` INT NOT NULL AUTO_INCREMENT,
  `remind_user_id` INT NOT NULL COMMENT '被提醒用户的id',
  `remind_content` VARCHAR(200) NULL,
  `remind_type` INT NOT NULL DEFAULT 0 COMMENT '提醒类型，用于触发点击该提醒时的链接\n0:默认 无点击事件\n1:url提醒，调用remind_target_url字段的url\n2:工单留言提醒，关联工单id为target_id\n3:其它，待添加',
  `remind_target_id` INT NULL,
  `remind_target_url` VARCHAR(200) NULL,
  `remind_time` TIMESTAMP NOT NULL DEFAULT CURRENT_TIMESTAMP,
  `remind_status` INT NOT NULL DEFAULT -1 COMMENT '提醒状态\n-1:未读\n0:已读',
  PRIMARY KEY (`remind_id`),
  INDEX `fk_t_remind_t_user1_idx` (`remind_user_id` ASC),
  CONSTRAINT `fk_t_remind_t_user1`
    FOREIGN KEY (`remind_user_id`)
    REFERENCES `DB_SMS`.`t_user` (`user_id`)
    ON DELETE CASCADE
    ON UPDATE CASCADE)
ENGINE = InnoDB
DEFAULT CHARACTER SET = utf8;


-- -----------------------------------------------------
-- Table `DB_SMS`.`t_departure`
-- -----------------------------------------------------
DROP TABLE IF EXISTS `DB_SMS`.`t_departure` ;

CREATE TABLE IF NOT EXISTS `DB_SMS`.`t_departure` (
  `departure_id` INT NOT NULL AUTO_INCREMENT,
  `departure_initiator_id` INT NOT NULL COMMENT '派车人的id',
  `departure_driver_id` INT NOT NULL COMMENT '司机id',
  `departure_first_customer_id` INT NULL COMMENT '首达客户',
  `departure_start_time` TIMESTAMP NULL COMMENT '发车时间',
  `departure_aim_place` VARCHAR(255) NULL COMMENT '目的地',
  `departure_transition` VARCHAR(255) NULL COMMENT '转场',
  `departure_cost_money` DOUBLE NOT NULL DEFAULT 0 COMMENT '合计派车费',
  `departure_cost_money_desc` VARCHAR(200) NULL COMMENT '派车费描述',
  `departure_cost_time` DOUBLE NULL COMMENT '派车预计总耗时（h）',
  `departure_cost_time_desc` VARCHAR(200) NULL COMMENT '派车预计耗时描述',
  `departure_back_time` TIMESTAMP NULL COMMENT '派车返回时间',
  `departure_receiver_id` INT NULL COMMENT '回场收货人id',
  `departure_status` INT NOT NULL DEFAULT 0 COMMENT '派车状态\n3:货到\n2:送货中\n1:已接单\n0:未接单\n-1:已删除',
  `departure_real_cost_time` DOUBLE NULL COMMENT '派车实际消耗时间（在收到货时自动生成）',
  `departure_overtime_result` VARCHAR(2000) NULL COMMENT '超时原因，司机填写',
  `departure_first_customer_name` VARCHAR(45) NULL,
  `departure_receiver_name` VARCHAR(45) NULL,
  PRIMARY KEY (`departure_id`),
  INDEX `fk_t_departure_t_user1_idx` (`departure_initiator_id` ASC),
  INDEX `fk_t_departure_t_user2_idx` (`departure_driver_id` ASC),
  INDEX `fk_t_departure_t_user3_idx` (`departure_receiver_id` ASC),
  INDEX `fk_t_departure_t_user4_idx` (`departure_first_customer_id` ASC),
  CONSTRAINT `fk_t_departure_t_user1`
    FOREIGN KEY (`departure_initiator_id`)
    REFERENCES `DB_SMS`.`t_user` (`user_id`)
    ON DELETE CASCADE
    ON UPDATE CASCADE,
  CONSTRAINT `fk_t_departure_t_user2`
    FOREIGN KEY (`departure_driver_id`)
    REFERENCES `DB_SMS`.`t_user` (`user_id`)
    ON DELETE CASCADE
    ON UPDATE CASCADE,
  CONSTRAINT `fk_t_departure_t_user3`
    FOREIGN KEY (`departure_receiver_id`)
    REFERENCES `DB_SMS`.`t_user` (`user_id`)
    ON DELETE CASCADE
    ON UPDATE CASCADE,
  CONSTRAINT `fk_t_departure_t_user4`
    FOREIGN KEY (`departure_first_customer_id`)
    REFERENCES `DB_SMS`.`t_user` (`user_id`)
    ON DELETE CASCADE
    ON UPDATE CASCADE)
ENGINE = InnoDB
DEFAULT CHARACTER SET = utf8;


SET SQL_MODE=@OLD_SQL_MODE;
SET FOREIGN_KEY_CHECKS=@OLD_FOREIGN_KEY_CHECKS;
SET UNIQUE_CHECKS=@OLD_UNIQUE_CHECKS;

-- -----------------------------------------------------
-- Data for table `DB_SMS`.`t_role`
-- -----------------------------------------------------
START TRANSACTION;
USE `DB_SMS`;
INSERT INTO `DB_SMS`.`t_role` (`role_code`, `role_name`, `role_desc`) VALUES ('admin', '管理员', NULL);
INSERT INTO `DB_SMS`.`t_role` (`role_code`, `role_name`, `role_desc`) VALUES ('clerk', '文员', NULL);
INSERT INTO `DB_SMS`.`t_role` (`role_code`, `role_name`, `role_desc`) VALUES ('customer', '客户', '普通客户');
INSERT INTO `DB_SMS`.`t_role` (`role_code`, `role_name`, `role_desc`) VALUES ('production_manager', '生产管理', NULL);
INSERT INTO `DB_SMS`.`t_role` (`role_code`, `role_name`, `role_desc`) VALUES ('customer_special', '客户(月结)', '特殊客户，无需付款即可发货');
INSERT INTO `DB_SMS`.`t_role` (`role_code`, `role_name`, `role_desc`) VALUES ('sales_manager', '销售管理', NULL);
INSERT INTO `DB_SMS`.`t_role` (`role_code`, `role_name`, `role_desc`) VALUES ('driver', '司机', NULL);
INSERT INTO `DB_SMS`.`t_role` (`role_code`, `role_name`, `role_desc`) VALUES ('worker', '工人', NULL);

COMMIT;


-- -----------------------------------------------------
-- Data for table `DB_SMS`.`t_user`
-- -----------------------------------------------------
START TRANSACTION;
USE `DB_SMS`;
INSERT INTO `DB_SMS`.`t_user` (`user_id`, `user_open_id`, `user_login_name`, `user_password`, `user_role`, `user_real_name`, `user_nick_name`, `user_phone_number`, `user_email`, `user_status`) VALUES (DEFAULT, NULL, 'admin', 'e10adc3949ba59abbe56e057f20f883e', 'admin', '管理员', '超级管理员', NULL, NULL, 0);
INSERT INTO `DB_SMS`.`t_user` (`user_id`, `user_open_id`, `user_login_name`, `user_password`, `user_role`, `user_real_name`, `user_nick_name`, `user_phone_number`, `user_email`, `user_status`) VALUES (DEFAULT, NULL, 't_c_1', 'e10adc3949ba59abbe56e057f20f883e', 'clerk', '李明', '小李', NULL, NULL, DEFAULT);
INSERT INTO `DB_SMS`.`t_user` (`user_id`, `user_open_id`, `user_login_name`, `user_password`, `user_role`, `user_real_name`, `user_nick_name`, `user_phone_number`, `user_email`, `user_status`) VALUES (DEFAULT, NULL, 't_c_2', 'e10adc3949ba59abbe56e057f20f883e', 'clerk', '张琪', '小张', NULL, NULL, DEFAULT);
INSERT INTO `DB_SMS`.`t_user` (`user_id`, `user_open_id`, `user_login_name`, `user_password`, `user_role`, `user_real_name`, `user_nick_name`, `user_phone_number`, `user_email`, `user_status`) VALUES (DEFAULT, NULL, 't_cu_1', 'e10adc3949ba59abbe56e057f20f883e', 'customer', '胡夏', '小胡', NULL, NULL, DEFAULT);
INSERT INTO `DB_SMS`.`t_user` (`user_id`, `user_open_id`, `user_login_name`, `user_password`, `user_role`, `user_real_name`, `user_nick_name`, `user_phone_number`, `user_email`, `user_status`) VALUES (DEFAULT, NULL, 't_cus_1', 'e10adc3949ba59abbe56e057f20f883e', 'customer_special', '孟非', '小孟', NULL, NULL, DEFAULT);
INSERT INTO `DB_SMS`.`t_user` (`user_id`, `user_open_id`, `user_login_name`, `user_password`, `user_role`, `user_real_name`, `user_nick_name`, `user_phone_number`, `user_email`, `user_status`) VALUES (DEFAULT, NULL, 't_cu_2', 'e10adc3949ba59abbe56e057f20f883e', 'customer', '勇暗', '小勇', NULL, NULL, DEFAULT);
INSERT INTO `DB_SMS`.`t_user` (`user_id`, `user_open_id`, `user_login_name`, `user_password`, `user_role`, `user_real_name`, `user_nick_name`, `user_phone_number`, `user_email`, `user_status`) VALUES (DEFAULT, NULL, 't_d_1', 'e10adc3949ba59abbe56e057f20f883e', 'driver', '冯祺', '小冯', NULL, NULL, DEFAULT);
INSERT INTO `DB_SMS`.`t_user` (`user_id`, `user_open_id`, `user_login_name`, `user_password`, `user_role`, `user_real_name`, `user_nick_name`, `user_phone_number`, `user_email`, `user_status`) VALUES (DEFAULT, NULL, 't_d_2', 'e10adc3949ba59abbe56e057f20f883e', 'driver', '柏克', '克拉', NULL, NULL, DEFAULT);
INSERT INTO `DB_SMS`.`t_user` (`user_id`, `user_open_id`, `user_login_name`, `user_password`, `user_role`, `user_real_name`, `user_nick_name`, `user_phone_number`, `user_email`, `user_status`) VALUES (DEFAULT, NULL, 't_d_3', 'e10adc3949ba59abbe56e057f20f883e', 'driver', '龙宫', '龙王', NULL, NULL, DEFAULT);
INSERT INTO `DB_SMS`.`t_user` (`user_id`, `user_open_id`, `user_login_name`, `user_password`, `user_role`, `user_real_name`, `user_nick_name`, `user_phone_number`, `user_email`, `user_status`) VALUES (DEFAULT, NULL, 't_p_1', 'e10adc3949ba59abbe56e057f20f883e', 'production_manager', '柒佰', '700', NULL, NULL, DEFAULT);
INSERT INTO `DB_SMS`.`t_user` (`user_id`, `user_open_id`, `user_login_name`, `user_password`, `user_role`, `user_real_name`, `user_nick_name`, `user_phone_number`, `user_email`, `user_status`) VALUES (DEFAULT, NULL, 't_p_2', 'e10adc3949ba59abbe56e057f20f883e', 'production_manager', '俳塔', '塔底', NULL, NULL, DEFAULT);
INSERT INTO `DB_SMS`.`t_user` (`user_id`, `user_open_id`, `user_login_name`, `user_password`, `user_role`, `user_real_name`, `user_nick_name`, `user_phone_number`, `user_email`, `user_status`) VALUES (DEFAULT, NULL, 't_s_1', 'e10adc3949ba59abbe56e057f20f883e', 'sales_manager', '龙覅和', '和谐', NULL, NULL, DEFAULT);
INSERT INTO `DB_SMS`.`t_user` (`user_id`, `user_open_id`, `user_login_name`, `user_password`, `user_role`, `user_real_name`, `user_nick_name`, `user_phone_number`, `user_email`, `user_status`) VALUES (DEFAULT, NULL, 't_s_2', 'e10adc3949ba59abbe56e057f20f883e', 'sales_manager', '蒙特', '蒙蔽', NULL, NULL, DEFAULT);
INSERT INTO `DB_SMS`.`t_user` (`user_id`, `user_open_id`, `user_login_name`, `user_password`, `user_role`, `user_real_name`, `user_nick_name`, `user_phone_number`, `user_email`, `user_status`) VALUES (DEFAULT, NULL, 't_w_1', 'e10adc3949ba59abbe56e057f20f883e', 'worker', '红塔塔', '红娘', NULL, NULL, DEFAULT);
INSERT INTO `DB_SMS`.`t_user` (`user_id`, `user_open_id`, `user_login_name`, `user_password`, `user_role`, `user_real_name`, `user_nick_name`, `user_phone_number`, `user_email`, `user_status`) VALUES (DEFAULT, NULL, 't_w_2', 'e10adc3949ba59abbe56e057f20f883e', 'worker', '蔡英文', 'English', NULL, NULL, DEFAULT);
INSERT INTO `DB_SMS`.`t_user` (`user_id`, `user_open_id`, `user_login_name`, `user_password`, `user_role`, `user_real_name`, `user_nick_name`, `user_phone_number`, `user_email`, `user_status`) VALUES (DEFAULT, NULL, 't_w_3', 'e10adc3949ba59abbe56e057f20f883e', 'worker', '栗子刚', '阳刚', NULL, NULL, DEFAULT);
INSERT INTO `DB_SMS`.`t_user` (`user_id`, `user_open_id`, `user_login_name`, `user_password`, `user_role`, `user_real_name`, `user_nick_name`, `user_phone_number`, `user_email`, `user_status`) VALUES (DEFAULT, NULL, 't_w_4', 'e10adc3949ba59abbe56e057f20f883e', 'worker', '铎蔡', '多彩', NULL, NULL, DEFAULT);
INSERT INTO `DB_SMS`.`t_user` (`user_id`, `user_open_id`, `user_login_name`, `user_password`, `user_role`, `user_real_name`, `user_nick_name`, `user_phone_number`, `user_email`, `user_status`) VALUES (DEFAULT, NULL, 't_w_5', 'e10adc3949ba59abbe56e057f20f883e', 'worker', '秦涛', '涛帝', NULL, NULL, DEFAULT);

COMMIT;


-- -----------------------------------------------------
-- Data for table `DB_SMS`.`t_process`
-- -----------------------------------------------------
START TRANSACTION;
USE `DB_SMS`;
INSERT INTO `DB_SMS`.`t_process` (`process_id`, `process_name`, `process_desc`, `process_priority`) VALUES (DEFAULT, '钣金', NULL, 100);
INSERT INTO `DB_SMS`.`t_process` (`process_id`, `process_name`, `process_desc`, `process_priority`) VALUES (DEFAULT, '打磨', NULL, 90);
INSERT INTO `DB_SMS`.`t_process` (`process_id`, `process_name`, `process_desc`, `process_priority`) VALUES (DEFAULT, '擦件', NULL, 80);
INSERT INTO `DB_SMS`.`t_process` (`process_id`, `process_name`, `process_desc`, `process_priority`) VALUES (DEFAULT, '镀钛', NULL, 70);
INSERT INTO `DB_SMS`.`t_process` (`process_id`, `process_name`, `process_desc`, `process_priority`) VALUES (DEFAULT, '拉丝', NULL, 60);
INSERT INTO `DB_SMS`.`t_process` (`process_id`, `process_name`, `process_desc`, `process_priority`) VALUES (DEFAULT, '喷油', NULL, 50);
INSERT INTO `DB_SMS`.`t_process` (`process_id`, `process_name`, `process_desc`, `process_priority`) VALUES (DEFAULT, '打包', NULL, 10);
INSERT INTO `DB_SMS`.`t_process` (`process_id`, `process_name`, `process_desc`, `process_priority`) VALUES (DEFAULT, '发货', NULL, 0);

COMMIT;

